{
    "gameTime": 7.25,
    "goalsData": [
        {
            "goalScorerName": "ToPP",
            "goalShotTime": 7.017,
            "goalSide": "Blue",
            "goalSpeed": 6.015,
            "goalTime": 7.25,
            "goalTravelTime": 0.233
        }
    ],
    "rawPositionsAtEnd": "-38.060690763340354--148.2987342490607|-277.5-55.0|277.5-0.0|-247.5971084451371--14.760181806635787|",
    "score": {
        "Blue": 1,
        "Red": 0
    },
    "startingGameTime": 0,
    "teams": {
        "Blue": [
            "Nelson Mandela",
            "ToPP"
        ],
        "Red": [
            "Amman",
            "MaddoHatto"
        ]
    },
    "time": "2021-03-23 15:45"
}