{
    "gameTime": 600.017,
    "goalsData": [
        {
            "goalScorerName": "rybak",
            "goalShotTime": 338.583,
            "goalSide": "Blue",
            "goalSpeed": 6.525,
            "goalTime": 338.767,
            "goalTravelTime": 0.184
        },
        {
            "goalScorerName": "MaddoHatto",
            "goalShotTime": 343.8,
            "goalSide": "Blue",
            "goalSpeed": 2.134,
            "goalTime": 346.733,
            "goalTravelTime": 2.933
        },
        {
            "goalScorerName": "Toperz",
            "goalShotTime": 416.183,
            "goalSide": "Blue",
            "goalSpeed": 1.934,
            "goalTime": 416.383,
            "goalTravelTime": 0.2
        }
    ],
    "rawPositionsAtEnd": "-124.74218649122218--136.3548097420197|-141.96341179709185--72.1181214621803|-163.89043169382904--115.46564467679669|660.3860446038027--26.935196163586784|-96.5426421124787--117.59520512047499|-114.12010669352314--284.85564283625683|-186.31495201360366--216.4098374735088|-217.06729756981423--154.06250265756657|",
    "score": {
        "Blue": 3,
        "Red": 0
    },
    "startingGameTime": 0,
    "teams": {
        "Blue": [
            "MaddoHatto",
            "adamaru",
            "Toperz",
            "rybak"
        ],
        "Red": [
            "K-rol",
            "Amman",
            "kjubn",
            "hubigz"
        ]
    },
    "time": "2020-07-22 14:00"
}