{
    "gameTime": 600.017,
    "goalsData": [
        {
            "goalScorerName": "Amman",
            "goalShotTime": 46.367,
            "goalSide": "Blue",
            "goalSpeed": 3.395,
            "goalTime": 47.55,
            "goalTravelTime": 1.183
        },
        {
            "goalScorerName": "Amman",
            "goalShotTime": 146.067,
            "goalSide": "Blue",
            "goalSpeed": 1.807,
            "goalTime": 147.167,
            "goalTravelTime": 1.1
        },
        {
            "goalScorerName": "hubigz",
            "goalShotTime": 260.867,
            "goalSide": "Red",
            "goalSpeed": 4.273,
            "goalTime": 261.083,
            "goalTravelTime": 0.216
        },
        {
            "goalScorerName": "MaddoHatto",
            "goalShotTime": 585.633,
            "goalSide": "Blue",
            "goalSpeed": 6.774,
            "goalTime": 587.3,
            "goalTravelTime": 1.667
        }
    ],
    "rawPositionsAtEnd": "249.4686661444927--143.45861505180105|225.57524757978337--51.28623300789787|218.50468594898703--96.72416807113989|184.35199760823025--62.386469438803914|",
    "score": {
        "Blue": 3,
        "Red": 1
    },
    "startingGameTime": 0,
    "teams": {
        "Blue": [
            "MaddoHatto",
            "Amman"
        ],
        "Red": [
            "hubigz",
            "Nelson Mandela"
        ]
    },
    "time": "2021-08-26 12:37"
}