{
    "gameTime": 600.017,
    "goalsData": [
        {
            "goalScorerName": "ToPP",
            "goalShotTime": 86.6,
            "goalSide": "Blue",
            "goalSpeed": 0.725,
            "goalTime": 90.017,
            "goalTravelTime": 3.417
        },
        {
            "goalScorerName": "rybak",
            "goalShotTime": 125.817,
            "goalSide": "Blue",
            "goalSpeed": 4.149,
            "goalTime": 126.3,
            "goalTravelTime": 0.483
        },
        {
            "goalScorerName": "rybak",
            "goalShotTime": 521.8,
            "goalSide": "Blue",
            "goalSpeed": 1.927,
            "goalTime": 523.9,
            "goalTravelTime": 2.1
        },
        {
            "goalScorerName": "rybak",
            "goalShotTime": 541.933,
            "goalSide": "Blue",
            "goalSpeed": 4.489,
            "goalTime": 542.483,
            "goalTravelTime": 0.55
        }
    ],
    "rawPositionsAtEnd": "136.67595026686277--120.65097998257075|-130.10038781370534--38.46120951256728|67.27133608541882--238.1590618026845|-188.00890791588154--130.42832351513303|-235.35764265196244--86.12746116880095|",
    "score": {
        "Blue": 4,
        "Red": 0
    },
    "startingGameTime": 0,
    "teams": {
        "Blue": [
            "MaddoHatto",
            "ToPP",
            "rybak"
        ],
        "Red": [
            "Nelson Mandela",
            "K-rol",
            "Amman"
        ]
    },
    "time": "2021-02-24 11:03"
}