{
    "gameTime": 7.633,
    "goalsData": [
        {
            "goalScorerName": "K-rol",
            "goalShotTime": 6.233,
            "goalSide": "Blue",
            "goalSpeed": 3.098,
            "goalTime": 7.633,
            "goalTravelTime": 1.4
        }
    ],
    "rawPositionsAtEnd": "-197.31434293963426-3.7383227750342374|-302.1324518117635-0.5633167892479886|-462.8752452670329--15.374676726517684|-147.4730404454329-154.45150402344294|",
    "score": {
        "Blue": 1,
        "Red": 0
    },
    "startingGameTime": 0,
    "teams": {
        "Blue": [
            "K-rol",
            "MaddoHatto"
        ],
        "Red": [
            "rybak",
            "adamaru"
        ]
    },
    "time": "2020-08-18 16:06"
}