{
    "gameTime": 600.017,
    "goalsData": [
        {
            "goalScorerName": "ToPP",
            "goalShotTime": 41.067,
            "goalSide": "Red",
            "goalSpeed": 4.959,
            "goalTime": 41.1,
            "goalTravelTime": 0.033
        },
        {
            "goalScorerName": "Nelson Mandela",
            "goalShotTime": 403.483,
            "goalSide": "Red",
            "goalSpeed": 0.763,
            "goalTime": 407.1,
            "goalTravelTime": 3.617
        },
        {
            "goalScorerName": "MaddoHatto",
            "goalShotTime": 429.267,
            "goalSide": "Blue",
            "goalSpeed": 5.882,
            "goalTime": 429.5,
            "goalTravelTime": 0.233
        },
        {
            "goalScorerName": "ToPP",
            "goalShotTime": 526.717,
            "goalSide": "Red",
            "goalSpeed": 3.25,
            "goalTime": 526.833,
            "goalTravelTime": 0.116
        }
    ],
    "rawPositionsAtEnd": "-301.5285131892835--226.0528900266766|-338.8283460662577--150.7437942937519|-486.5341351955644--31.355383208794713|-421.68326482836045--121.5565671449071|",
    "score": {
        "Blue": 1,
        "Red": 3
    },
    "startingGameTime": 0,
    "teams": {
        "Blue": [
            "MaddoHatto",
            "Amman"
        ],
        "Red": [
            "ToPP",
            "Nelson Mandela"
        ]
    },
    "time": "2021-03-25 11:46"
}