{
    "gameTime": 600.017,
    "goalsData": [],
    "rawPositionsAtEnd": "158.15282561288427--255.0|-2.195100936150937--121.12835103818986|210.31892995190674--167.62167027245627|213.01421592873456--98.30510769665153|",
    "score": {
        "Blue": 5,
        "Red": 2
    },
    "startingGameTime": 600.017,
    "teams": {
        "Blue": [
            "rybak",
            "MaddoHatto"
        ],
        "Red": [
            "hubigz",
            "K-rol"
        ]
    },
    "time": "2021-04-23 12:36"
}