{"score":{"Blue":0,"Red":1},"teams":{"Red":["Amman"],"Blue":["Amman2"],"Spectators":[]},"goals":[{"goalScorerName":"Amman","goalSide":"Red","goalSpeed":10.008,"goalTime":3.949999999999991}],"startTimestamp":1621453821734,"endTimestamp":1621453832145,"duration":3.949999999999991,"rawPositionsAtEnd":1621453832145,"startingGameTime":0,"time":"2021 05 19 19:50","gameTime":3.949999999999991,"goalsData":[{"goalScorerName":"Amman","goalSide":"Red","goalSpeed":10.008,"goalTime":3.949999999999991}]}