{
    "gameTime": 420.017,
    "goalsData": [
        {
            "goalScorerName": "MaddoHatto",
            "goalShotTime": 205.783,
            "goalSide": "Blue",
            "goalSpeed": 4.077,
            "goalTime": 206.65,
            "goalTravelTime": 0.867
        }
    ],
    "rawPositionsAtEnd": "203.91848133441542-167.27209162609952|-501.59668948970636--110.73508894649217|-153.27265351510752-252.67701193782668|-163.48186003440168-173.24812920403852|258.8895549211383-201.7593174242992|-238.58044118864305-255.0|",
    "score": {
        "Blue": 1,
        "Red": 0
    },
    "startingGameTime": 0,
    "teams": {
        "Blue": [
            "MaddoHatto",
            "K-rol",
            "rybak"
        ],
        "Red": [
            "adamaru",
            "ToPP",
            "Toperz"
        ]
    },
    "time": "2020-04-14 10:30"
}